Plot Number,Zone,Subzone,Site Series,Accuracy,Latitude,Longitude,Elevation
0112901,ESSF,dkw,,,49.24499893,-115.7656021,2050
0112902,ESSF,dkw,,,49.26055908,-115.7647018,2025
0112904,ESSF,dk1,103,,49.25833893,-115.7581024,1950
0112907,ESSF,dkp,,,49.19139099,-114.7018967,2440
0112908,ESSF,dkp,,,49.19166946,-114.7058029,2385
0112909,ESSF,dkp,,,49.19166946,-114.7082977,2375
0109218,ESSF,wm4,111,,49.55270004,-116.135498,1775
0109223,ESSF,wm4,102b,,49.38319016,-116.1433029,1575
0109225,ESSF,wm4,102b,,49.30197906,-116.2408981,1725
0112912,ESSF,dkp,,,49.18972015,-114.7208023,2295
0112916,IMA,dk,,,49.97694016,-116.2397003,2530
0112917,ESSF,dkp,,,49.97333908,-116.2341995,2400
0112920,ESSF,dkp,,,49.97499847,-116.2213974,2365
0112923,IMA,wm,,,49.52666855,-116.4533005,2600
0114503,ESSF,wcp,,10000,49.98661041,-117.1517029,2370
0114504,ESSF,wcp,,10,49.98632813,-117.1532974,2325
0114505,ESSF,wcp,,10,49.98577881,-117.1539993,2295
0114511,ESSF,wmp,,100,49.49444962,-116.9145966,2320
0114791,ESSF,mwp,,100,49.1638298,-120.7723007,2225
0114792,ESSF,mwp,,10000,49.16588974,-120.7787018,2225
0114793,ESSF,mwp,,100,49.16717148,-120.7802963,2200
0114795,ESSF,mwp,,10,49.16878128,-120.781601,2140
0114798,ESSF,mwp,,10,49.27421951,-121.0044022,2015
0116535,IMA,dc,,10,51.46281052,-120.0374985,2290
0116597,ESSF,,,10000,49.39281082,-117.4162979,1840
01kSB01,ESSF,dv,05,,50.97027969,-122.4113846,1630
01kSB02,ESSF,dv,01,,50.96972656,-122.4116669,1635
01kSB04,ESSF,dv,01,,50.98361206,-122.4124985,1570
01kSB07,ESSF,dv,01,,50.98944473,-122.1916656,1675
01kSB16,ESSF,dv,04,,50.97638702,-122.1399994,1630
01kSB17,ESSF,dv,04,,50.97861099,-122.1730652,1590
01kSB22,ESSF,dv,01,,50.9794426,-122.1783371,1615
01kSB23,ESSF,dv,01,,50.96638489,-122.1302719,1550
01kSB24,ESSF,dv,01,,50.96694946,-122.128891,1550
01kSB25,ESSF,dv,04,,50.96611404,-122.1202774,1550
01kSB26,ESSF,dv,01,,50.9655571,-122.1263885,1580
01kSB27,ESSF,dv,01,,50.96583176,-122.1244431,1572
01kSB28,ESSF,dv,01,,50.96500015,-122.124176,1570
02-0658,BAFA,mw,,,51.72277832,-124.6564026,2120
02-0659,BAFA,mw,,,51.72082901,-124.6631012,2080
02-2584,ESSF,wmw,,,49.80305099,-116.3414001,2070
02-2586,ESSF,wmp,,,49.80611038,-116.3293991,2295
02-0740,IMA,mm,,,51.28443909,-117.1010971,2450
02-0741,IMA,mm,,,51.28556061,-117.1010971,2460
02-0745,IMA,mm,,,53.33805084,-120.1097031,2120
021105,ESSF,wcp,,,53.13188171,-121.4643021,1916
021126,ESSF,wcp,,,52.18027878,-120.6334991,2010
021132,ESSF,wcp,,,52.69630051,-120.8243027,2060
021162,ESSF,wcp,,,52.46268082,-120.6391983,2043
021163,IMA,wc,,,52.46657181,-120.6555023,2170
02-2544,ESSF,dkp,,,49.0288887,-114.2671967,2330
02-2564,ESSF,dkp,,,49.03277969,-114.2605972,2300
02-2589,ESSF,wmp,,,49.80805969,-116.3416977,2395
02-2590,ESSF,wmp,,,49.80860901,-116.3469009,2290
02-3085,ESSF,mwp,,,49.14056015,-120.7638931,2044
02-3089,ESSF,mwp,,,49.14989853,-120.7567673,2136
02-3090,ESSF,dcp,,,49.14612961,-120.7544632,2119
0300853,ESSF,dk1,04,,50.06275177,-115.8973007,1750
0300855,ICH,mk4,03,,50.04990005,-115.8871002,1625
0300929,ESSF,dku,01,,50.72486115,-116.5543976,2250
0300932,ESSF,dkw,103,,50.72068024,-116.5438995,2125
07DM114,ESSF,wm4,103.1,,49.29291916,-116.8831024,1910
08-2323,ESSF,wm3,103,9,49.29219818,-117.0353012,1796
08-0068,BAFA,un,,100,51.89582062,-125.6334991,1910
08-0184,IMA,xv,,10000,51.81332016,-125.0389023,2090
08-0186,ESSF,xvp,,1000,51.80641937,-125.039299,2030
08-0187,ESSF,xvp,,10000,51.80653,-125.0435028,2060
08-1334,ESSF,wm2,102,6,49.51581955,-116.498703,1933
08-1336,ESSF,wm,,100,49.51680756,-116.4946976,1912
08-1337,ESSF,wm2,103,7,49.51858902,-116.4941025,1860
08-1339,ESSF,wmw,103,7,49.85644913,-116.3536987,1925
08-1345,ESSF,dkw,,9,49.4204483,-114.8507996,1922
08-1361,ESSF,wcw,,1000,49.40116119,-117.3472977,2070
08-1461,ESSF,wc4,103b,1,50.19049072,-117.5781021,1865
08-1463,ESSF,wm2,104,7,49.7278595,-116.7256012,1762
08-1474,ESSF,wc4,101,8,50.18643951,-117.5777969,1828
08-1481,ESSF,wc4,102,9,50.27082062,-117.6583023,1801
08-1482,ESSF,wc4,,1000,50.26893997,-117.6567993,1768
08-1489,ESSF,wm2,103,9,49.51948929,-116.4742966,1952
08-1491,ESSF,wm2,104,10,49.76198959,-116.7425003,1830
08-1500,ESSF,wc4,103b,10000,50.27027893,-117.6585999,1763
08-2339,ESSF,wmw,103,1,49.87623978,-116.4429016,1929
08-2372,ESSF,wh2,103,6,50.12150955,-116.8703003,1668
08-5007,ESSF,wcw,103,7,50.82915115,-117.0923996,2030
08-5019,ESSF,wcw,,6,49.16051102,-117.030899,2021
08-5025,ESSF,wmw,101,10000,49.26927185,-117.0119019,2058
08-5036,ESSF,wcp,,100,49.7573204,-117.3560028,2171
08-5037,ESSF,wcw,103,10000,49.754879,-117.3611984,2063
08-5043,ESSF,wm2,,7,50.38055038,-116.6548996,1817
08-5094,ESSF,wm2,,9,50.05384827,-116.7399979,1840
08-5096,ESSF,wm2,102,6,50.06032944,-116.7409973,1850
08-5109,ESSF,wm3,102,10000,49.12498093,-117.0285034,1976
08-5111,ESSF,wm3,102,1,49.12741089,-117.0294037,1970
08-5115,ESSF,wmw,102,7,49.28239822,-116.9893036,2046
08-5147,ESSF,dmw,,10000,49.25128174,-116.7939987,2289
08-5158,ESSF,wc4,102,6,49.64831924,-117.8037033,1793
08-5164,ESSF,mh,102,10000,49.15700912,-118.0493011,1778
08-5185,ESSF,dc1,104,1000,49.40143967,-118.2819977,1865
08-5348,MH,mm2,01,,54.74123001,-127.8083801,1190
08-5514,MH,mm2,02,10,52.46139145,-126.4085464,1356
08-7028,ESSF,xv2,03,,51.04995346,-122.4726944,1437
08-7029,ESSF,xv2,03,,51.04975891,-122.4721832,1442
08-7069,ESSF,mm1,02,,53.33126831,-120.1307678,1630
08-7070,ESSF,mm1,04,,53.33148956,-120.1253891,1689
08-8062,ESSF,wcw,103,10,50.54030991,-117.2673035,2062
08-8063,ESSF,wcw,101,10,50.53676987,-117.2655029,1984
08-8064,ESSF,wh1,103,6,50.53546906,-117.2714005,1824
08-8065,ESSF,wh1,102,6,50.53406906,-117.2686005,1897
08-8066,ESSF,wh1,103,6,50.52983856,-117.2658005,1705
08-8068,ESSF,wmw,102,6,50.36552048,-116.6144028,2159
08-8363,ESSF,dcw,101,10000,49.65726089,-118.5953979,2134
08-D90,ESSF,dm1,,,49.21223831,-116.7827988,1829
08-7501,ESSF,wcp,,1000,53.28289032,-120.3302994,1990
08-7602,ESSF,mcw,,10,54.77186203,-127.3009415,1515
08-7622,ESSF,wvp,,10,54.83684158,-127.8068466,1498
08-7627,ESSF,mkw,,10,54.19516754,-127.7575302,1444
08-7640,ESSF,mkw,,10,54.25960922,-127.7787933,1320
08-7643,ESSF,mkp,,10,54.01396179,-127.9259567,1430
08-7647,MH,msw,,10,53.9635582,-127.6663208,1265
08-7649,MH,msw,,10,53.97048187,-127.6581726,1185
08-7763,ESSF,mm2,,,53.14041901,-118.8236618,1575
08-7813,ESSF,wc4,,6,50.1582489,-117.0335999,1787
08-7846,ESSF,wcw,102,10,50.81324005,-117.311203,1806
08-7866,ESSF,wcw,,10,50.2098999,-117.2118988,1934
08-7883,ESSF,wc4,102,6,50.60089111,-117.7069016,1861
08-7890,ESSF,wc4,102,10,50.08023834,-117.0623016,1863
08-7907,ESSF,wm2,,8,51.18083954,-116.9451981,1527
08-7935,ESSF,mm3,111,8,51.11645889,-117.2108994,1761
08-7981,ESSF,wh2,103,10000,49.50334167,-116.5991974,1824
08-7984,ESSF,wm2,104,6,49.75761032,-116.6837997,1893
08-7985,ESSF,wm2,104,10000,49.75241852,-116.6856995,1856
08-8004,ESSF,wm2,103,6,49.52999115,-116.3803024,1716
08-8010,ESSF,wm1,202,1,49.2598381,-114.8591995,1934
08-8013,ESSF,wm1,201,9,49.70280075,-114.9670029,1957
08-8015,ESSF,wm1,204,6,49.70460129,-114.9684982,1987
08-8021,ESSF,wm1,104,7,49.48519135,-115.2406006,1896
08-8026,ESSF,wc4,03,6,50.50725937,-116.8075027,1925
08-8035,ESSF,wc4,03,7,50.61526108,-116.7847977,1888
08-8041,ESSF,wmw,102,6,49.58375931,-116.6779022,2100
08-8042,ESSF,wm2,101,6,49.57915878,-116.6690979,1917
08-8046,ESSF,wmw,103,7,49.84360886,-116.7860031,2134
08-8047,ESSF,wmw,103,6,49.84455109,-116.776001,2143
08-8049,ESSF,wmw,103,6,49.84410095,-116.7828979,2153
08-8052,ESSF,wm,204,8,49.58456039,-116.6537018,2010
08-8054,ESSF,wmw,103,6,49.59521103,-116.6476974,2116
08-8075,ESSF,wcw,,6,50.71012878,-117.5090027,2067
08-8077,ESSF,wcw,104.1,6,50.71271133,-117.5074005,2011
08-8085,ESSF,wcp,02,6,50.55802917,-117.7154999,2130
08-8088,ESSF,wcw,102,10,50.55482864,-117.7208023,1913
08-8094,ESSF,wcw,102,7,50.50244904,-117.4649963,1921
08-8209,ESSF,mm3,103,6,51.6775589,-116.6947021,1675
08-8302,BAFA,mc,,1000,54.09719086,-127.5559006,1680
08-8307,ESSF,dk2,102,1,51.27346039,-116.8778,2000
08-8320,ESSF,mm3,103,7,51.42908096,-116.8929977,1940
08-8321,ESSF,wm3w,,7,51.42831039,-116.8933029,2000
08-8328,ESSF,vcp,,6,50.98022079,-117.5383987,2260
08-8329,ESSF,vcp,,10,50.98386002,-117.5450974,2045
08-8330,ESSF,wcw,,10,50.98672104,-117.5503998,1845
08-8342,ESSF,vcp,,6,51.54141998,-118.6330032,1985
08-8349,ESSF,vmp,,6,52.01491165,-117.9796982,2025
08-8371,ESSF,xvp,,1000,51.1511116,-122.4611969,2160
08-8380,ESSF,mmp,,10000,52.79088974,-119.0506973,2165
08-8382,IMA,mm,,8,53.33871841,-120.1204987,2000
08-9207,ESSF,wcp,,7,50.59231949,-117.3475037,2230
08-9208,ESSF,wcw,103,7,50.58771896,-117.3550034,2033
08-9209,ESSF,wc4,,1,50.58623886,-117.3626022,1860
08-9211,ESSF,wmp,,10,50.36309814,-116.6259003,2395
08-9215,ESSF,wh2,102,,50.36553955,-116.6436996,1820
08-9221,ESSF,wh1,102,10,50.73760986,-117.4079971,1690
08-9225,ESSF,wcp,,,50.43798065,-117.6546021,2060
08-9242,BAFA,mc,,1000,53.23717117,-126.7145004,1730
08-9244,BAFA,mc,,1000,53.2372818,-126.7116013,1750
08-9247,ESSF,mcp,,10000,53.23875046,-126.7052994,1680
08-9276,ESSF,wcw,103,6,49.91617966,-117.1669998,2103
08-D11,ESSF,dm,,,49.29180908,-116.884903,1902
08-D34,ESSF,wmw,103,,49.34580994,-116.8522034,1959
08-D35,ESSF,wmw,102,,49.34529114,-116.8486023,2019
08-D4,ESSF,wm3,103,,49.28842926,-117.0450974,1906
08-D43,ESSF,wc6,,,49.37913132,-116.9542999,1869
08-D44,ESSF,wc6,,,49.37984085,-116.9543991,1905
08-D52,ESSF,wm3,103,,49.23535919,-117.0515976,1882
08-D56,ESSF,wh3,103,,49.30797958,-116.9636002,1754
08-D59,ESSF,wc6,,,49.31938171,-116.9092026,1843
08-D73,ESSF,wm4,102b,,49.19715118,-116.8673019,1816
11-3009,ESSF,wmp,,10000,49.73955917,-116.751503,2210
11-3041,ESSF,mcp,,,54.82398987,-127.4507523,1635
11-3047,BAFA,,,,54.50238037,-127.5430069,1975
11-3056,,,,,54.47882843,-127.5193024,1716
11-4003,ESSF,mm3,103,6,51.03495026,-116.4039993,1817
11-5047,ESSF,dcw,103,1000,49.39788055,-118.2729034,2000
11-9054,ESSF,wcw,,10,52.04634857,-118.4262009,2042
12-3355,ESSF,mmp,,10,52.69282913,-118.9572983,2040
12-3356,ESSF,mmw,,6,52.69131851,-118.9593964,1890
12-3371,ESSF,mmw,,10,52.89970016,-118.683197,1985
12-3372,ESSF,mmw,,10,52.90512085,-118.6877975,1970
12-0005,ESSF,mm1,,,52.7895813,-119.0485001,2138
12-0039,ESSF,wcp,,7,52.27621841,-120.6185989,2105
12-0047,ESSF,wcp,,6,50.72277832,-117.8984985,2184
12-0053,ESSF,unp,,10000,50.52180099,-122.5874023,1930
12-0054,ESSF,unp,,8,50.51425171,-122.5947037,2020
12-0055,MH,mmp2,,9,49.98485947,-123.0587997,1845
12-2263,ESSF,,,10,52.89487076,-126.3937531,1143
12-2268,ESSF,mw,05,10,52.45914841,-126.1201935,1311
12-2273,ESSF,mw,01,10,52.57611847,-126.2444077,1340
12-2274,ESSF,,02,10,52.56838989,-126.2370071,1351
12-2330,ESSF,mmw,,10,53.33512878,-120.1293945,1388
12-2334,ESSF,mmp,,,53.00972366,-119.382843,2121
12-3333,ESSF,mmw,,,53.0861702,-118.8767014,1910
12-3339,ESSF,mmw,,10,52.85464859,-119.1964035,1970
12-3348,ESSF,mmw,,,52.76399994,-118.9972,1938
12-6485,ESSF,mmp,,8,52.40634155,-119.0996017,2184
12-6323,ESSF,vc,103,10,51.69438934,-118.8965454,1592
12-6326,ESSF,wc2,102,10,51.84363556,-117.5259323,1808
12-6349,ESSF,mm3,103,,50.87794113,-116.9131012,1575
12-6475,ESSF,wcp,,6,52.30661774,-119.7606201,2090
12-6483,ESSF,wc2,,7,52.39410782,-119.1169662,1675
12-9025,ESSF,wmw,,1000,49.64390182,-115.3936005,1884
12-9027,ESSF,wm1,102,1000,49.64645004,-115.3858032,1832
12-9028,ESSF,wm1,104,100,49.64723969,-115.3850021,1764
12-9091,ESSF,vk,,8,51.78644562,-117.4791336,1529
12-9098,ESSF,vk,,8,51.68979263,-117.2975235,1775
14-4323,ESSF,mwp,,,49.16270065,-120.7649994,1994
14-4347,ESSF,mvp,,,49.01174164,-120.8239365,2132
14-4348,ESSF,mww,103,,49.02001953,-120.8053665,1807
14-4349,ESSF,mww,,,49.01325989,-120.8188019,2000
14-4352,ESSF,mwp,,,49.01039886,-120.8340073,2336
14-4353,ESSF,mwp,,,49.01192856,-120.8272705,2221
14-4354,ESSF,mww,,,49.01340103,-120.8189011,2000
14-4382,ESSF,mwp,,,49.16466141,-120.7790527,2197
14-4383,ESSF,mwp,,,49.15822983,-120.7749863,2106
14-4385,ESSF,mwp,,,49.16463089,-120.7775726,2217
14-4386,ESSF,mwp,,,49.10020828,-120.7596817,2009
14-4387,ESSF,mww,102,,49.0914917,-120.7733994,1955
14-4502,ESSF,mwp,,,49.0223999,-120.8290024,2070
14-4576,ESSF,mwp,,,49.01496124,-120.8323135,2177
14-4587,ESSF,mw1,,,49.0782814,-120.917923,1679
14-7627,ESSF,dk1,,6,50.1294632,-114.8046265,2045
14-7628,ESSF,dkw,,10,50.13225555,-114.8047714,2157
290571,ESSF,xv1,04,,51.83292007,-125.0383987,1945
290572,ESSF,xv1,04,,51.83314896,-125.0373001,1965
290573,ESSF,xv1,05,,52.53202057,-125.8102036,1500
6748,ESSF,dk2,103,,50.63305664,-116.3330536,1658
6752,ESSF,dk1,101,,50.19749832,-116.0588913,1745
6760,ESSF,dk1,103,,49.67750168,-116.035553,1731
8CS414,ESSF,mc,02,,54.58853149,-127.3215027,1152
962644,IMA,wc,,,52.44187164,-120.6919022,2192
9650946,IMA,wc,,,52.43212891,-120.706398,2075
9650948,ESSF,wcp,,,52.4366684,-120.7142029,1911
9650949,IMA,wc,,,52.43082809,-120.7060013,2160
9650969,IMA,wc,,,52.33467102,-120.6998978,2163
9803145,MS,xk,,,51.0823288,-121.8180008,1710
9803146,MS,xk,,,51.07958984,-121.8067017,1520
9803149,MS,xk,,,51.08055115,-121.8405991,1400
BC3M3,ESSF,mk,03,,52.59999847,-126.4336014,1080
BC2B29,ESSF,mk,01,,52.09166718,-126.1819,1390
BC2B30,ESSF,mk,03,,52.08750153,-126.1699982,1420
BC2B33,ESSF,mk,02,,52.07222366,-126.1132965,1340
BC2B44,ESSF,mw,03,,52.49139023,-126.2422028,1220
BC2G14,MH,mm2,02,,52.46611023,-126.4094009,1350
BC2G3,ESSF,mk,02,,52.07055664,-126.1136017,1360
BC2Y34,ESSF,mk,02,,52.0672226,-126.0802994,1280
BC2Y35,ESSF,mk,01,,52.07166672,-126.115303,1380
BC2Y45,ESSF,mw,02,,52.49250031,-126.2363968,1330
BC2Y47,MH,mm2,02,,52.46722412,-126.4088974,1370
BC3G16,ESSF,mw,03,,52.29333496,-126.0025024,1550
BC3M36,ESSF,mw,01,,52.29555511,-126.0042038,1550
BC3M5,CMA,,Sk,,52.48222351,-126.4103012,1640
BC3Y35,ESSF,mw,02,,52.30333328,-126.0156021,1380
BIRK17,ESSF,unp,00,,50.4907341,-122.6898956,1850
BR29,ESSF,dkw,,,49.96343994,-114.7916031,2264
BR31,ESSF,dkw,103,,49.96971893,-114.7930984,2145
BIRK18,ESSF,mw,01,,50.49251556,-122.6965027,1750
BQG14,ESSF,dk,,,50.20362091,-114.7677994,2181
BQG3,ESSF,,,,50.20589828,-114.7537003,2228
BR01,ESSF,dkw,103,,49.96205902,-114.7914963,2238
BR03,ESSF,dkw,103,,49.96274948,-114.7947006,2234
BR07,ESSF,dk,,,49.95151901,-114.7966003,2148
BR15,ESSF,dkw,,,49.95801926,-114.7906036,2009
BR40,ESSF,dkw,103,,49.96318054,-114.7871017,2228
BR54,ESSF,dkw,,,49.97069931,-114.7944031,2257
BR55,ESSF,dkw,,,49.97169113,-114.7944031,2273
BR56,ESSF,dkw,,,49.96884155,-114.8001022,2242
BR63,ESSF,dk,04,,49.9691391,-114.8026962,2147
CM582C,ESSF,wm1,,,49.43246078,-114.9456024,1835
CM582D,ESSF,wm1,,,49.43241882,-114.9449005,1838
CM582G,ESSF,wm1,,,49.43381882,-114.9450989,1831
CM02101,ESSF,wm1,02,,49.44530106,-114.9897003,2130
CM02102,ESSF,dk1,102,,49.40036011,-114.637001,1668
CM02108,ESSF,dk1,103,,49.46263123,-114.6784973,1778
CM02197,ESSF,wm1,02,,49.45072937,-114.9681015,1910
CM1295H,ESSF,wm1,111,,49.45497894,-114.9750977,1857
DM2098,ESSF,mw1,101.1,,49.79346848,-121.0875473,1595
DM2109,ESSF,mw1,103,,49.53882599,-120.9638672,1415
F15009,ESSF,dkw,103,10,50.16679382,-114.8435593,2050
F15015,ESSF,dkw,101,10,50.1859169,-114.737854,2206
F15016,ESSF,dkw,103,10,50.1889534,-114.738533,2217
F15022,ESSF,dkw,101,10,50.18071747,-114.7720337,2054
F15024,ESSF,dk1,103,10,50.17910004,-114.779274,2007
F15029,ESSF,dkw,103,10,50.2639389,-114.8791046,2287
F15044,ESSF,dkw,101,10,50.21495819,-114.9351273,2229
F15051,ESSF,dkw,103,10,50.21017075,-114.8349991,2218
GATE04,ESSF,unp,00,,50.52335358,-122.5809631,1854
GATE24,ESSF,unp,00,,50.52351379,-122.5802002,1856
IL70,ESSF,wm,00,,49.46609879,-115.131897,1780
IN129-1,ESSF,dk2,03,,49.90153122,-115.4209976,2010
K01-100,ESSF,xcp,,,49.47129822,-119.9229965,2150
K011004,IMA,dv,new,,50.79320145,-122.6240005,2286
K011005,IMA,dv,,,50.79410172,-122.625,2271
K011007,ESSF,dvp,,,50.79069901,-122.6289978,2081
K011009,ESSF,dvp,,,50.79059982,-122.6289978,2088
K011012,IMA,dv,,,50.55680084,-122.0479965,2248
K011015,ESSF,dvp,new,,50.55870056,-122.0500031,2189
K011016,ESSF,dvp,,,50.5583992,-122.052002,2133
K011017,ESSF,dvp,new,,50.56169891,-122.0500031,2194
K011018,ESSF,dvp,,,50.56259918,-122.0500031,2143
K011024,IMA,un,,,50.15869904,-122.2740021,2096
K011026,IMA,un,,,50.15869904,-122.2580032,2050
K011029,ESSF,mwp,,,50.15530014,-122.2559967,1923
K011035,ESSF,dvp,,,50.98690033,-123.2639999,2006
K011036,ESSF,dvp,,,50.99029922,-123.2740021,2106
K011180,ESSF,wc2,,,51.47639847,-119.3690033,1476
K011254,ESSF,wcp,,,52.38579941,-119.3909988,2265
K011256,ESSF,wcp,,,52.38570023,-119.3899994,2260
K01-203,ESSF,dvp,,,50.66289902,-122.5469971,2030
K01-204,ESSF,mw,,,50.66289902,-122.5500031,1785
K01-210,IMA,dv,,,51.00920105,-122.848999,2408
K01-212,ESSF,dvp,,,51.00370026,-122.848999,2164
K01-214,ESSF,dvp,,,51.00109863,-122.8479996,2103
K01-215,ESSF,dvp,,,51.00080109,-122.8450012,2090
K01-453,ESSF,xcp,,,49.47100067,-119.9179993,2146
K01-454,ESSF,xcp,,,49.47069931,-119.9179993,2156
K01-458,ESSF,xc1,,,49.47750092,-119.9150009,1940
K01-459,ESSF,xcp,,,49.51900101,-119.9250031,2112
K01-460,ESSF,xcp,,,49.5177002,-119.9250031,2133
K01-461,ESSF,xcp,,,49.51610184,-119.9250031,2137
K01-465,ESSF,xcp,,,49.51269913,-119.9229965,2111
K01-335,ESSF,xcp,,,49.48609924,-119.9059982,2142
K01-336,ESSF,xcp,,,49.48870087,-119.9079971,2150
K01-338,ESSF,xcp,,,49.49069977,-119.9089966,2119
K01-340,ESSF,xc,,,49.49560165,-119.9120026,1990
K01-343,ESSF,xcp,,,49.3993988,-119.8769989,2100
K01-344,ESSF,xcp,,,49.39920044,-119.875,2068
K01-345,ESSF,xcp,,,49.3987999,-119.875,2060
K01-346,ESSF,xcp,,,49.39780045,-119.8740005,2070
K01-348,ESSF,xcp,,,49.39709854,-119.8700027,2000
K01-351,ESSF,xcp,,,49.40060043,-119.8590012,1980
K01-356,ESSF,xc,,,49.40340042,-119.8990021,1896
K01-374,ESSF,mw,,,50.2195015,-122.2330017,1760
K01-375,ESSF,mw,,,50.21849823,-122.2340012,1779
K01-382,ESSF,xc3,,,50.64519882,-121.7289963,1960
K01-404,ESSF,xcp,,,49.46490097,-119.9169998,2025
K01-405,ESSF,xc,,,49.46139908,-119.9160004,1980
K01-408,IMA,xc,,,49.36019897,-119.9100037,2210
K01-409,ESSF,xcp,,,49.36100006,-119.913002,2175
K01-410,ESSF,xcp,,,49.36159897,-119.913002,2170
K01-411,ESSF,xcp,,,49.36149979,-119.9120026,2140
K01-412,ESSF,xcp,,,49.35630035,-119.9110031,2175
K01-413,ESSF,xcp,,,49.35549927,-119.9100037,2125
K01-414,ESSF,xcp,,,49.35390091,-119.9100037,2140
K01-451,ESSF,xcp,,,49.46749878,-119.9150009,2147
K01-790,BAFA,xv,,,51.11190033,-122.4489975,2170
K01-791,ESSF,dv2,03,,50.89569855,-122.3130035,2054
K01-792,ESSF,dv2,,,50.89500046,-122.3130035,2035
K01-806,IMA,dv,,,51.07410049,-123.151001,2214
K01-808,IMA,dv,,,51.07339859,-123.1500015,2229
K01-810,IMA,dv,,,51.07659912,-123.1439972,2225
K01-813,ESSF,dvp,,,50.89830017,-123.0169983,2032
K01-814,ESSF,dvp,,,50.89820099,-123.0149994,1945
K01-815,ESSF,dv2,,,50.9015007,-123.0059967,1964
K01-816,ESSF,dv2,01,,50.90470123,-123,1946
K01-490,IMA,dv,,,50.99150085,-123.2829971,2295
K01-497,BAFA,xv,,,51.1067009,-122.4430008,2140
K01-498,BAFA,xv,,,51.10710144,-122.4469986,2080
K01-499,ESSF,xvp,,,51.10549927,-122.4570007,2110
K01-501,IMA,wc,,,50.76990128,-123.1809998,1910
K01-503,ESSF,dv1,01,,50.78129959,-123.1839981,1700
K01-504,ESSF,dvw,,,50.78390121,-123.1819992,1770
K01-505,ESSF,dv1,,,50.78509903,-123.1809998,1750
K01-509,ESSF,dv2p,,,50.91249847,-123.0286026,1960
K01-533,ESSF,xc3,C,,51.03300095,-122.2369995,2000
K01-534,ESSF,dvp,,,50.9048996,-122.3199997,2130
K01-536,ESSF,dvp,,,50.90330124,-122.314003,2080
K01-537,ESSF,dvp,,,50.90209961,-122.3170013,2147
K01-538,ESSF,dvp,,,50.89979935,-122.3130035,2158
K01-575,ESSF,xvp,,,51.10680008,-122.2819977,2093
K01-578,ESSF,dvp,,,50.56359863,-122.0500031,2116
K01-673,ESSF,wcp,,,52.60219955,-119.512001,2005
K01-693,IMA,dv,,,50.90969849,-123.0289993,2030
K01-695,IMA,dv,,,50.91059875,-123.0339966,2040
K01-696,ESSF,dvp,,,50.91249847,-123.0329971,2060
K01-697,ESSF,dvp,,,50.91439819,-123.0279999,1990
K01-698,IMA,dv,,,50.91090012,-122.9830017,2150
K01-701,ESSF,wc2,,,52.13000107,-119.5,1580
K01-720,IMA,mw,,,50.66080093,-122.6880035,2157
K01-757,IMA,dv,,,50.75960159,-123.072998,2075
K01-758,IMA,dv,,,50.76070023,-123.0709991,2100
K01-760,IMA,dv,,,50.9618988,-122.4800034,2120
K01-762,IMA,dv,,,50.9679985,-122.4749985,2070
K01-764,ESSF,dvp,,,50.97079849,-122.4680023,2110
K01-765,ESSF,dvp,,,50.96860123,-122.4660034,2005
K01-771,ESSF,dvp,,,50.55360031,-122.0329971,1990
K01-772,ESSF,dv1,,,50.55530167,-122.0360031,1910
K01-775,ESSF,dv1,,,50.55950165,-122.0339966,1755
K01-778,IMA,un,,,50.22380066,-122.2450027,2125
K01-779,ESSF,mwp,,,50.22129822,-122.2360001,1973
K01-781,ESSF,dvp,,,50.76409912,-123.0719986,1875
K01-782,ESSF,dvp,,,50.76580048,-123.0699997,1860
K01-788,ESSF,xcp,,,51.15840149,-122.939003,2130
K01-789,ESSF,xcp,,,51.15990067,-122.9420013,2070
K01-818,IMA,dv,,,50.91059875,-122.9830017,2223
K01-819,ESSF,xc3,d,,51.04219818,-122.2310028,2050
K01-820,ESSF,xc3,8?,,51.04339981,-122.2330017,2030
K01-821,ESSF,xc3,g,,51.04029846,-122.237999,1925
K01-962,ESSF,xcp,,,50.72769928,-121.7249985,2055
K01-965,ESSF,xcp,new,,50.72809982,-121.7259979,2065
K01-968,ESSF,xcp,,,50.72489929,-121.7170029,2016
K01-830,ESSF,mwp,,,50.2602005,-122.1969986,2068
K01-881,IMA,dv,,,51.07759857,-123.1579971,2185
K01-886,ESSF,dvp,,,51.07889938,-123.1419983,2148
K01-888,ESSF,dvp,new,,51.07849884,-123.1419983,2144
K01-901,BAFA,dv,,,51.16659927,-123.012001,2198
K01-902,ESSF,xcp,,,51.16889954,-123.0110016,2135
K01-903,ESSF,xcp,,,51.16419983,-123.0029984,2160
K01-904,BAFA,dv,,,51.16730118,-123.012001,2150
K01-908,BAFA,dv,new,,51.16550064,-123.0070038,2235
K01-909,BAFA,xc,new,,51.16469955,-123.0070038,2261
K01-910,ESSF,xcp,new,,51.16350174,-123.0029984,2144
K01-912,ESSF,xc4,new,,51.16109848,-122.9970016,2046
K01-924,ESSF,dv1,,,50.76399994,-122.512001,1892
K01-942,ESSF,xv2,03/04,,51.06850052,-122.387001,1780
K01-943,ESSF,xv2,06,,51.06909943,-122.387001,1802
K01-944,ESSF,xv2,05,,51.06869888,-122.3889999,1750
K01-951,ESSF,mw2,,,50.23379898,-122.2070007,1345
K01-990,ESSF,dv1,03ish,,50.40769958,-122.1060028,1965
K02-181,ESSF,wcp,,,51.32086945,-118.7279968,2167
K02-183,ESSF,wcp,,,51.32088852,-118.7285995,2168
K11-203,ESSF,mw1,102,10000,49.93817902,-121.2624969,1698
K11-073,ESSF,mw1,,6,50.05728912,-121.2814026,1576
K11-089,ESSF,xc1,,100,49.36473846,-119.8694992,2015
K11-090,ESSF,xc1,,1000,49.28889847,-119.9466019,1956
K11-103,ESSF,mw2,,7,50.29927826,-122.151001,1665
K11-209,ESSF,mw1,102,9,49.68841934,-121.032402,1478
K11-210,ESSF,mw1,,6,49.68915939,-121.0327988,1504
K11-223,ESSF,xc1,,10000,49.39714813,-119.8687973,1980
K11-246,ESSF,mw2,,1,50.1881218,-122.2602997,1513
K11-253,ESSF,mw2,102,,50.18568039,-121.8382034,1573
KL-103,ESSF,dm,,,49.29829025,-116.2533035,1848
KL-134,ESSF,wc4,,,50.58839035,-117.3637009,1818
KL-147,ESSF,wc4,,,50.16252899,-117.0356979,1795
KL-171,ESSF,wc4,,,50.60140991,-116.7796021,1736
KL-172,ESSF,wc4,,,50.6012001,-116.7796021,1731
KN02478,MS,dw,103,,49.73762894,-116.0412827,1465
KN02482,ESSF,dk1,104,,50.21924591,-116.0845413,2070
KN02548,ESSF,dk1,104,,49.84128189,-115.9647751,1700
KN02556,ESSF,dk1,104,,49.9929924,-115.9302826,1795
KN02777,ESSF,wh3,104,,49.11171341,-117.4284363,1675
KN02778,ESSF,wh3,104,,49.1413002,-117.4567871,1620
KN02781,ESSF,wh3,104,,49.27698135,-117.5093231,1570
KN02788,ICH,mw5,101,,49.75331879,-118.2217026,1116
KN02795,ESSF,mh,105,,49.7814827,-118.3051453,1338
KN02846,ICH,mw5,101,,49.75331879,-118.2217026,1116
KN02847,ICH,mw5,101,,49.7533226,-118.2217407,1116
KN02896,ESSF,wc4,103,,50.23983383,-117.0465469,1846
KN02965,ESSF,wm4,103.1,,49.40513229,-116.6942139,1810
KN03036,ESSF,wc4,103,,50.13915253,-117.6955795,1760
LG05009,ESSF,dvp,,,50.47113037,-122.0203171,2066
LG05018,ESSF,dvu1,KR,,50.4349823,-121.9933777,2039
LG05019,ESSF,dv1,02,,50.44417191,-121.9758911,1800
LG05022,IMA,dv,,,50.46863937,-122.0191269,2070
LG05026,ESSF,dvu1,,,50.492939,-122.0414047,2024
LG05027,ESSF,dvu1,,,50.49388885,-122.0412064,2028
LG05028,ESSF,dv1,05,,50.49261475,-122.0329514,1700
LG05032,ESSF,dv1,02,,50.40897369,-122.1541138,1887
LG05033,ESSF,dv1,AV,,50.43266678,-122.1620102,1931
LG05034,ESSF,dv1,AV,,50.43464661,-122.1618958,1993
LG05036,ESSF,dvu1,AV,,50.43837357,-122.1615143,2089
LG06021,ESSF,mw,AV,,50.34386826,-122.2648773,1813
LG06025,ESSF,dv1,AV,,50.48308945,-122.0243073,1972
LG06026,ESSF,dv1,AV,,50.4838295,-122.0254898,1939
LG06102,ESSF,mw,AV,,50.66667557,-122.5471268,2002
LG06213,ESSF,dv1,KR,,50.35221863,-122.1423874,1966
LG06228,ESSF,mw,AV,,50.67313766,-122.5231934,1756
LG07034,ESSF,mv,AV,,50.35112,-122.2829819,1589
LG07061,IDF,dk2,AV,,50.73508453,-122.3085251,1562
LG07138,ESSF,dv1,AV,,50.49624252,-122.0418625,2016
LG07163,ESSF,dv,AV,,50.43386841,-122.1600037,1908
LG07258,ESSF,dv,AV,,50.53534698,-122.0184479,1916
LG07301,ESSF,dv,AT,,50.50852585,-122.0662766,2199
LG07321,ESSF,dv,AV,,50.5009079,-122.0898514,2016
LG07323,ESSF,dv,AV,,50.50111008,-122.0903091,2013
LOSQ16,MH,mm1,00,,49.72262955,-123.2090912,
LOSQ19,MH,mm1,02,,49.71975327,-123.2072067,
LPAT1,BAFA,xv,mesic,,51.15750885,-122.4207993,2070
LPc28,MS,dc2,03c,,51.12419128,-122.7388,1490
LPc29,MS,dc2,02,,51.04030991,-122.7130966,1455
LPed10,ESSF,dv2,,,51.09622955,-122.5427017,1584
LPed13,ESSF,xv2,03,,51.12382126,-122.6868973,1720
LPed2,ESSF,dv2,01,,50.9407196,-123.036499,1600
LPed278,ESSF,dv2,05,,50.91532135,-123.1138992,1765
LPed4,ESSF,dv2,03,,50.93494034,-123.0605011,1635
LPedv4,ESSF,dv1,03,,50.7057991,-122.7931976,1395
LPxc31,ESSF,xc3,01,,50.97943115,-122.1530991,1570
LPxc310,ESSF,xc3,04,,50.98249817,-122.1598969,1588
LPxc314,ESSF,xc3,03,,50.9708519,-122.1697998,1618
LPxc315,ESSF,xc3,,,50.9666214,-122.1707993,1658
LPxc32,ESSF,xc3,03,,50.97927094,-122.1512985,1580
LPxc321,ESSF,xc3,,,50.77088165,-122.1583023,1830
LPxc322,ESSF,xc3,,,50.77146149,-122.1582031,1830
LPxc331,MS,xk3,01,,50.75939178,-122.0469971,1525
MF10,ESSF,dkp,,,49.33839035,-114.7251968,2205
MF11,ESSF,dkp,,,49.33760071,-114.7248993,2217
MF12,ESSF,dkw,,,49.33230972,-114.722702,2153
MF6,ESSF,dkp,,,49.33427048,-114.7260971,2119
MG15,ESSF,dkw,,,49.31966019,-114.7506027,1968
MG18,ESSF,dkw,,,49.32680893,-114.7210999,2082
MG29,ESSF,dk1,,,49.30199051,-114.7218018,1868
MG32,ESSF,dkw,,,49.34983063,-114.7850037,2101
MG34,ESSF,dkw,,,49.3504715,-114.7782974,2005
MG35,ESSF,dkp,,,49.3380394,-114.7240982,2216
MG36,ESSF,dkw,,,49.35214996,-114.7647018,2002
MG37,ESSF,dkw,,,49.32389069,-114.7413025,2158
MG38,ESSF,dk1,,,49.35269165,-114.7574997,1816
MG39,ESSF,dkw,,,49.31726074,-114.7427979,2172
MG4,ESSF,dkw,,,49.32209015,-114.721199,2192
MG41,ESSF,dkw,,,49.31703186,-114.742897,2173
MG42,ESSF,dkp,,,49.33974838,-114.7253036,2230
MG56,ESSF,dkw,,,49.31951904,-114.7204971,2225
MG65,ESSF,dkw,,,49.35625839,-114.7108002,2108
MG67,ESSF,dkw,,,49.3550415,-114.7111969,2115
MG68,ESSF,dkw,103,,49.33636856,-114.7343979,1927
MG71,ESSF,dkw,,,49.31554031,-114.7213974,2160
N05-069,ESSF,mm3,103,,51.16812897,-116.9858017,1992
N05-070,ESSF,mm3,103,,51.16783905,-116.9838028,1895
N05-099,ESSF,dk1w,,,51.09708023,-116.5530014,2215
N05-100,ESSF,dk1w,,,51.09735107,-116.5540009,2246
N05-010,MS,dk,102,,50.56983185,-116.402298,1249
N05-054,ICH,mk4,,,51.56642151,-116.8962021,1605
N05-055,ICH,mk4,,,51.56631851,-116.8962021,1600
N05-237,ESSF,dk1w,,,51.0970192,-116.5541992,2245
N05-238,ESSF,dk1w,,,51.09627151,-116.5558014,2246
N05-239,ESSF,dkw,110,,51.09487915,-116.5642014,2049
N05-336,ESSF,dk1,,,49.34489059,-114.5708008,1885
N05-338,ESSF,dk1,,,49.34452057,-114.569603,1850
N05-359,ESSF,dk2,102,,50.50841141,-115.8463974,1974
N05-360,ESSF,dk1,,,50.50851059,-115.8466034,1984
N05-361,ESSF,dk2,103,,50.50804138,-115.8479004,1958
N05-362,ESSF,dk1,,,50.50785065,-115.8488007,1940
N05-363,ESSF,dk2,103,,50.50772095,-115.8488998,1960
N05-374,ESSF,dk2,,,51.18268967,-116.9805984,1900
N05-399,ESSF,dk1,103,,49.12099838,-115.5456009,1903
N05-409,IMA,dk,,,50.53763962,-115.8318024,2378
N05-410,ESSF,dkp,,,50.54003143,-115.8311996,2366
N05-411,ESSF,dkw,103,,50.53948975,-115.8283005,2218
N05-441,ESSF,dkw,101.1,,49.60501099,-115.4532013,2170
N05-443,ESSF,dkw,,,49.60482025,-115.4541016,2164
N05-444,ESSF,dkw,,,49.60525894,-115.4537964,2162
N05-447,ESSF,dkw,,,49.6058197,-115.4555969,2120
N05-448,IMA,dk,,,50.17572021,-116.3291016,2649
N05-451,ESSF,dkp,,,50.17378998,-116.3255997,2508
N05-454,ESSF,dk1w,,,50.17232895,-116.3237991,2416
N05-455,ESSF,dkw,,,49.79201126,-114.6580963,2026
N05-456,ESSF,dkw,103,,49.79153061,-114.6573029,2020
N05-457,ESSF,dkw,102,,49.79114914,-114.656601,2047
N05-461,ESSF,dkw,,,49.79154968,-114.6529999,2049
N05-464,ESSF,dkw,101.2,,49.79174042,-114.6560974,2027
N05-473,ESSF,dk1,,,50.50751877,-115.8460007,1933
N05-500,ESSF,dk1w,,,49.40483093,-114.6776962,2099
N05-503,ESSF,dk1,,,49.40666962,-114.6811981,1949
N05-506,ESSF,dkp,,,49.19253922,-115.6992035,2191
N05-507,ESSF,dkw,,,49.1922226,-115.6991425,2179
N05-510,ESSF,dkp,,,49.19321823,-115.6987991,2190
N05-511,ESSF,dkp,,,49.19289017,-115.699501,2193
N05-512,ESSF,dkw,,,49.19544983,-115.6996994,2130
N05-514,ESSF,dkw1,,,49.19541931,-115.697403,2080
N05-516,ESSF,dk1w,,,49.19477844,-115.6964035,2052
N05-521,ESSF,dkw,103,,50.02901077,-116.2136993,2272
N05-522,ESSF,dkw,102,,50.02923965,-116.2139969,2294
N05-523,ESSF,dkw,,,50.02820969,-116.2181015,2311
N05-545,ESSF,dk1,,,49.47074127,-116.0718994,1939
N05-546,ESSF,dk1,104,,49.47055054,-116.0723038,1955
N05-547,ESSF,dk1,104,,49.4704895,-116.0735016,1954
N05-552,ESSF,mmp,,,51.43819046,-117.2846985,2330
N061411,ESSF,dkw,,,49.27186966,-114.6688995,2137
N06-344,ESSF,wm,,,49.68442154,-115.3972015,1982
N06-346,ESSF,wmp,,,49.68630981,-115.3968964,2021
N06-371,ESSF,wm,,,49.63782883,-115.4451981,1850
N06-374,ESSF,wm1,103,,49.64059067,-115.4459,1880
N06-406,ESSF,dkw,,,49.27370071,-114.6787033,2428
N06-408,ESSF,dkw,,,49.27394104,-114.677597,2375
N06-410,ESSF,dkw,,,49.27420044,-114.6794968,2387
N06-432,ESSF,dkp,,,50.12429047,-115.0429993,2423
N06-433,ESSF,dkp,,,50.12226868,-115.0445023,2333
N076456,ESSF,wcw,,1,49.5284996,-116.9465027,2279
N076459,ESSF,wcw,,8,49.52865982,-116.9445038,2253
N06-493,ESSF,dkw,,,49.40528107,-114.689003,2195
N06-907,ESSF,dk2,103,,49.93088913,-115.4358978,2047
N06-916,ESSF,dk1,104,,49.86957169,-114.7804031,1957
N06-918,ESSF,dkw,101.2,,50.0103302,-114.7593002,2180
N073348,ESSF,wc6,,7,49.19654083,-117.0397034,1732
N073353,ESSF,wm3,111,6,49.19274902,-117.0366974,1668
N073383,ESSF,dm,,1,49.30765152,-116.1638031,1909
N073390,ESSF,wmw,,,50.01554871,-116.5112,2151
N073392,ESSF,wm2,104,10000,50.02022171,-116.5111008,1868
N074123,ESSF,wm3,102,10000,49.22827148,-117.069397,1906
N074258,ESSF,wmw,103,10000,49.59756851,-117.3310013,2110
N074259,ESSF,wcw,,6,49.59598923,-117.3305969,2080
N074292,ESSF,wc6,,6,49.28509903,-117.0389023,1731
N074456,ESSF,wm4,103.2,6,49.10317993,-116.7164001,1713
N074470,ESSF,wcw,,1000,49.22600174,-117.0860977,2072
N074471,ESSF,wcw,,,49.22328949,-117.0832977,2118
N075042,ESSF,wcp,,,49.95449066,-117.0744019,2219
N075046,ESSF,wcp,,1,49.95272827,-117.0677032,2174
N075047,ESSF,wcp,,9,49.95338058,-117.0674973,2198
N075058,ESSF,wm2,112,,49.48535919,-116.6432037,1840
N075062,ESSF,wm,,,49.48559189,-116.6461029,1879
N075063,ESSF,wm2,102,,49.48566818,-116.6457977,1858
N075096,ESSF,wmw,103,7,49.41608047,-116.6212006,2162
N075097,ESSF,dmw,,1000,49.41725922,-116.6240997,2140
N075098,ESSF,wmw,103,,49.41630936,-116.6212006,2147
N075517,ESSF,wcp,,,50.48789978,-116.7929993,2326
N075518,ESSF,wcp,,,50.48947144,-116.7916031,2350
N075522,ESSF,wcw,,,50.495121,-116.7919998,2260
N075525,ESSF,wmp,,,49.89587021,-116.6572037,2393
N075552,ESSF,wmw,Rt,,49.49013138,-117.1317978,2060
N075583,ESSF,dmw,,,49.17533112,-116.7341995,2038
N076026,ESSF,wcp,03,,50.28408051,-117.1560974,2211
N076061,ESSF,wmw,103,10000,49.75754166,-116.7883987,2155
N076063,ESSF,wmw,,10000,49.75806046,-116.7899017,2121
N076090,ESSF,wm3,103,1000,49.16236115,-116.9759979,1882
N076098,ESSF,wm3,111,8,49.43505096,-117.0522995,1827
N076466,ESSF,dmw,,7,49.30239105,-116.1659012,2116
N076478,ESSF,wm3,105,1,49.2339592,-117.0119019,1923
NCCK118,ESSF,dkw,04,,49.62509918,-114.7490997,1960
NCCK121,ESSF,dk1,03,,49.62269974,-114.7508011,1955
NFI377,ESSF,dm1,99,,49.28495026,-116.5078964,1725
RYAN015,CMA,s,,,50.41568375,-123.2669754,2098
SW15017,ESSF,wh1,Ws10?,,49.55135345,-117.5417938,1623
Teck146,ESSF,dkw,,20,50.1650238,-114.8330536,2202
Teck148,ESSF,dk,03,15,50.16954803,-114.8262787,1945
Teck002,ESSF,dk,02,11,50.14718246,-114.9052505,2071
Teck017,ESSF,dk,03,12,50.15773773,-114.902977,2035
Teck018,ESSF,dk1,,25,50.14808273,-114.9057693,2057
Teck035,ESSF,dkw,,14,50.15432358,-114.9066315,2125
Teck039,ESSF,dkp,,,50.20878601,-114.7887955,2324
Teck040,ESSF,dk1,,,50.07255936,-114.7730179,2042
Teck041,ESSF,dkp,,,50.2092514,-114.7871933,2341
Teck043,ESSF,dkw,,,50.20817947,-114.8170395,2252
Teck047,ESSF,dkp,,,49.983284,-114.765213,2409
Teck050,ESSF,dkp,,,50.19696426,-114.937973,2399
Teck051,ESSF,dkp,,,50.19935226,-114.9383087,2397
Teck052,ESSF,dkp,,,50.19947052,-114.9377365,2394
Teck055,ESSF,dkp,,,49.98534775,-114.7671585,2464
Teck056,ESSF,dkp,,,49.98736572,-114.7669067,2440
Teck057,ESSF,dkw,,,49.98337555,-114.8033218,2352
Teck058,ESSF,dkw,,,49.98437119,-114.8036575,2371
Teck059,ESSF,dkw,,,49.98379517,-114.8008499,2305
Teck060,ESSF,dkw,,,49.98576355,-114.803978,2296
Teck062,ESSF,dkp,,,49.98365784,-114.7645721,2452
Teck065,ESSF,dkw,,,50.20562363,-114.7951508,2135
Teck068,ESSF,dkw,,,49.96949768,-114.8029938,2143
Teck091,ESSF,dkw,,14,50.16199493,-114.8292923,2213
Teck100,ESSF,dkw,,10,50.20438385,-114.9358902,2252
Teck190,ESSF,dkw,,14,50.16662979,-114.8303757,2057
Teck195,ESSF,dkp,,13,50.20816803,-114.7814789,2295
Teck201,ESSF,dkw,,10,50.20729065,-114.7920761,2244
Teck216,ESSF,dkw,,11,50.20677948,-114.7921143,2226
Teck222,ESSF,dkw,,14,50.13382339,-114.8035202,2225
Teck223,ESSF,dkw,,15,50.13332748,-114.8038483,2191
Teck234,ESSF,dkp,,13,50.15286255,-114.8086014,2470
Teck243,ESSF,dkw,,,49.49503326,-114.6348419,1929
Teck244,ESSF,dk1,,,49.49495316,-114.6366272,1882
Teck246,ESSF,dk1,,,49.49934387,-114.6331406,1804
Teck248,ESSF,dk1,,,49.50077057,-114.6325073,1846
Teck250,ESSF,dkw,,,49.4751358,-114.6604614,
Teck258,ESSF,dk1,,,49.53129959,-114.6901321,1723
Teck260,ESSF,dkp,,,49.63284302,-114.8576279,2220
Teck264,ESSF,dkp,,,49.63283539,-114.8580704,2220
Teck265,ESSF,dkw,,,49.62526703,-114.8573914,2093
Teck266,ESSF,dkw,,,49.62928772,-114.8670731,2027
Teck284,ESSF,dkp,,,49.63088226,-114.8531723,2216
Teck285,ESSF,dkp,,,49.63119125,-114.8529358,2253
Teck311,ESSF,dkw,,11,50.15448761,-114.9062881,2126
Teck314,ESSF,dk,01,13,50.14779663,-114.9053879,1997
Teck318,ESSF,dk1,103,15,50.15884399,-114.9059677,2040
Teck322,ESSF,dkw,,18,50.16521835,-114.9142456,2127
Teck324,ESSF,dkw,,8,50.16182327,-114.9155121,2130
Teck328,ESSF,dk,01,19,50.15778732,-114.902153,2025
Teck331,ESSF,dk,01,18,50.1584549,-114.900383,1972
Teck402,ESSF,dk,,,49.78839111,-114.8260651,2059
Teck424,ESSF,dk,,,49.71855545,-114.7968445,2028
Teck482,ESSF,dk1,,,49.98387909,-114.8151169,1929
Teck485,ESSF,dk1,,,49.94106674,-114.7514877,1799
Teck491,ESSF,dk1,,,49.94121933,-114.7482224,1915
Teck497,ESSF,dk1,,,49.94051743,-114.7464981,1920
Teck504,ESSF,dkw,,,49.96377563,-114.8024292,2217
Teck635,ESSF,dkw,,7,50.20750809,-114.7704926,2308
Teck529,ESSF,dkp,,,49.97143173,-114.7653885,2370
Teck533,ESSF,dkw,,,49.97039413,-114.7941818,2217
Teck534,ESSF,dkw,,,49.96515656,-114.7669449,2296
Teck535,ESSF,dkw,,,49.98871994,-114.770462,2276
Teck536,ESSF,dkw,,,49.99438858,-114.7761002,2280
Teck537,ESSF,dkp,,,49.98534012,-114.7681351,2425
Teck540,ESSF,dkp,,,49.98220444,-114.7659912,2458
Teck541,ESSF,dkp,,,49.98128128,-114.765419,2441
Teck543,IMA,un,,,49.96671677,-114.6824646,2357
Teck548,ESSF,dkw,,,49.96506882,-114.7665863,2299
Teck549,ESSF,dkw,,,49.96351242,-114.7666473,2276
Teck554,ESSF,dkw,,,49.97114182,-114.7972031,2334
Teck556,ESSF,dkp,,,49.9855957,-114.7664719,2443
Teck557,ESSF,dkw,,,50.00218964,-114.8106003,2130
Teck559,ESSF,dkw,,,49.98049545,-114.8040924,2320
Teck561,ESSF,dkp,,,49.98962784,-114.7703934,2306
Teck562,ESSF,dkw,,,49.9964447,-114.778656,2134
Teck563,ESSF,dkp,,,49.98685837,-114.7718277,2243
Teck564,ESSF,dkp,,,49.97010422,-114.7655869,
Teck565,ESSF,dkp,,,49.98408508,-114.7656784,2426
Teck566,ESSF,dkp,,,49.98445892,-114.7649384,2419
Teck567,ESSF,dkp,,,49.97138977,-114.765419,2382
Teck568,ESSF,dkp,,,49.9815712,-114.767807,2396
Teck569,ESSF,dkp,,,49.97512054,-114.7629547,2390
Teck571,ESSF,dkp,,,49.97972107,-114.7632751,2429
Teck572,ESSF,dkp,,,49.98089218,-114.7660675,2406
Teck573,ESSF,dkp,,,49.98467255,-114.7653198,2418
Teck574,ESSF,dkw,,,49.99598694,-114.77742,2160
Teck575,ESSF,dkp,,,49.98572159,-114.7656631,2386
Teck576,ESSF,dkp,,,49.98432159,-114.7643738,2393
Teck577,ESSF,dkp,,,49.98556137,-114.769516,2391
Teck578,ESSF,dkp,,,49.98527908,-114.7693176,2395
Teck579,ESSF,dkp,,,49.99356842,-114.7727432,2289
Teck580,ESSF,dkp,,,49.98699188,-114.7671738,2423
Teck581,ESSF,dkp,,,49.98723602,-114.7667618,2410
Teck582,ESSF,dkp,,,49.98604584,-114.7666626,2421
Teck583,ESSF,dkp,,,49.98544693,-114.766243,2421
Teck585,ESSF,dkp,,,49.98149872,-114.7663193,2436
Teck586,ESSF,dkp,,,49.98061752,-114.7640533,2409
Teck587,ESSF,dkp,,,49.98162842,-114.7646332,2409
Teck588,ESSF,dkp,,,49.98143387,-114.7648849,2418
Teck590,ESSF,dkw,,,49.97063828,-114.7595978,2239
Teck594,ESSF,dkp,,,49.96622086,-114.7652359,2256
Teck595,ESSF,dkp,,,49.96762848,-114.7653427,2279
Teck596,ESSF,dkp,,,49.96890259,-114.76474,2302
Teck598,ESSF,dkp,,,49.9725647,-114.7639542,2383
Teck599,ESSF,dkp,,,49.97101974,-114.7653503,2382
Teck600,ESSF,dkp,,,49.99329758,-114.7713776,2333
Teck601,ESSF,dkp,,,49.99314117,-114.7705765,2288
Teck602,ESSF,dkp,,,49.99368668,-114.7709961,2292
Teck603,ESSF,dkp,,,49.99384689,-114.7726898,2298
Teck604,ESSF,dkp,,,49.98863602,-114.7688599,2298
Teck606,ESSF,dkp,,,49.98355484,-114.7647858,2443
Teck607,ESSF,dkp,,,49.98329544,-114.7652969,2434
Teck608,ESSF,dkp,,,49.98483276,-114.7671127,2425
Teck609,ESSF,dkw,,,49.99664688,-114.7794113,2126
Teck610,ESSF,dkw,,,49.99717712,-114.7816925,2075
Teck611,ESSF,dkw,,,49.99332047,-114.7796249,2108
Teck612,ESSF,dkw,,,49.99346924,-114.7783051,2156
Teck613,ESSF,dkw,,,49.99316406,-114.7756653,2205
Teck614,ESSF,dkw,,,49.99002838,-114.774292,2231
Teck616,ESSF,dkp,,,49.98357773,-114.7697372,2300
Teck617,ESSF,dkp,,,49.98435211,-114.7687225,2362
Teck618,ESSF,dkp,,,49.98836899,-114.7667389,2394
Teck619,ESSF,dkp,,,49.99120712,-114.7684174,2341
Teck620,ESSF,dkp,,,49.99162674,-114.7700195,2367
Teck621,ESSF,dkw,,10,50.20615768,-114.7675018,2193
Teck623,ESSF,dkw,,11,50.20401764,-114.7676849,2184
Teck626,ESSF,dkw,,8,50.20600128,-114.7538452,2231
Teck627,ESSF,dkw,,11,50.20658493,-114.7552185,2236
Teck647,ESSF,dkp,,10000,50.21498871,-114.8362656,2398
Teck648,ESSF,dkp,,10,50.21426392,-114.8350677,2390
Teck649,ESSF,dkp,,12,50.21377945,-114.8274918,2403
Teck651,ESSF,dkw,,11,50.21260834,-114.8219681,2409
Teck656,ESSF,dkw,,16,50.21043015,-114.8257523,2269
TEM2Y19,MH,mm1,36,,51.33139038,-126.6903458,830
TFLS21,ESSF,dk2,103,,51.15631104,-117.0708389,1930
TFLS3,ESSF,dk2,104,,51.07913589,-116.8183136,1750
TFLS4,ESSF,dk2,103,,51.07742691,-116.7676315,1740
TFLS5,ESSF,wm,00,,51.07728577,-116.7675781,1740
Wyn-R10,ESSF,wm4,102b,,49.35667038,-116.6556015,1925
Wyn-R18,ESSF,wm2,104,,49.60889053,-116.7292023,1800
Wyn-R25,ESSF,wm2,,,49.58166885,-116.6958008,2000
Wyn-R27,ESSF,wm2,,,49.58943939,-116.700798,1875
Wyn-R28,ESSF,wm2,,,49.59582901,-116.7043991,1750
Wyn-R33,ESSF,wm2,101,,49.58388901,-116.7200012,1875
Wyn-R34,ESSF,wm2,104,,49.58750153,-116.7244034,2000
Wyn-R35,ESSF,wm2,,,49.58778,-116.7172012,1900
Wyn-R36,ESSF,wm2,,,49.58916092,-116.7169037,1900
Wyn-R37,ESSF,wm2,,,49.59693909,-116.7241974,1825
Wyn-R38,ESSF,wm2,,,49.60971832,-116.7296982,1750
Wyn-S1,ESSF,dm,,,49.38277817,-116.578598,1825
Wyn-S11,ESSF,wm2,,,49.60194016,-116.7238998,1800
Wyn-S12,ESSF,wm2,,,49.60583115,-116.7277985,1825
Wyn-S18,ESSF,wm2,,,49.45610809,-116.6138992,1925
Wyn-S19,ESSF,wm,,,49.45806122,-116.6119003,1875
Wyn-S2,ESSF,dm,,,49.35194016,-116.6461029,1975
Wyn-S5,ESSF,dm,73,,49.25444031,-116.5922012,1850
Wyn-S9,ESSF,wm2,,,49.5886116,-116.7272034,1925
